{"stat.killEntity.Skeleton":2,"stat.walkOneCm":44282,"stat.useItem.minecraft.sticky_piston":2,"achievement.openInventory":34,"stat.useItem.minecraft.stone":52,"stat.leaveGame":6,"stat.damageTaken":200,"stat.useItem.minecraft.wooden_button":1,"stat.furnaceInteraction":2,"stat.useItem.minecraft.furnace":20,"stat.mobKills":4,"stat.killEntity.Creeper":2,"stat.useItem.minecraft.diamond_sword":12,"stat.useItem.minecraft.potion":1,"stat.useItem.minecraft.golden_apple":1,"stat.flyOneCm":66875,"stat.deaths":1,"stat.useItem.minecraft.ender_pearl":1,"stat.jump":53,"stat.playOneMinute":36366,"stat.useItem.minecraft.redstone_block":1,"stat.useItem.minecraft.piston":9,"stat.damageDealt":1020,"stat.crouchOneCm":4878,"stat.timeSinceDeath":36259,"stat.sprintOneCm":8201,"stat.useItem.minecraft.redstone_ore":1,"achievement.exploreAllBiomes":{"value":0,"progress":["Plains","Desert"]}}